{"cameraMode":{"drawMode":0,"name":"Shaded","section":"Shading Mode"},"sceneLighting":true,"audioPlay":false,"sceneViewState":{"m_AlwaysRefresh":false,"showFog":true,"showSkybox":true,"showFlares":true,"showImageEffects":true,"showParticleSystems":true,"showVisualEffectGraphs":true,"m_FxEnabled":true},"in2DMode":false,"pivot":{"x":-4.73439359664917,"y":-7.235009670257568,"z":9.579955101013184},"rotation":{"x":-0.21958838403224946,"y":-0.012002303265035153,"z":0.002701664110645652,"w":-0.9755159616470337},"size":24.741718292236329,"orthographic":false}